Title,Price,Image_URL,Product_Link
AD Terrex free hiker 2.0 low gore-tex (Army Green),15000.00,https://cdn.shopify.com/s/files/1/0902/1151/6733/files/Untitleddesign-2024-12-14T035438.445.png?v=1734130509,https://royaltrend.pk/products/ad-terrex-free-hiker-2-0-low-gore-tex-army-green
AD Terrex free hiker 2.0 low gore-tex (Raw Khaki),15000.00,https://cdn.shopify.com/s/files/1/0902/1151/6733/files/Untitleddesign-2024-12-13T231729.561.png?v=1734130636,https://royaltrend.pk/products/ad-terrex-free-hiker-2-0-low-gore-tex-raw-khaki
AD Terrex free hiker 2.0 low gore-tex (Wonder Silver),15000.00,https://cdn.shopify.com/s/files/1/0902/1151/6733/files/Untitleddesign-2024-12-13T233131.973.png?v=1734130772,https://royaltrend.pk/products/ad-terrex-free-hiker-2-0-low-gore-tex-wonder-silver
Adapt Max - Black and White Edition,15000.00,https://cdn.shopify.com/s/files/1/0902/1151/6733/files/Untitleddesign-2024-12-07T225016.492.png?v=1733855821,https://royaltrend.pk/products/adapt-max-black-and-white-edition
Adii Avryn Boost (Gray Black Orange),12000.00,https://cdn.shopify.com/s/files/1/0902/1151/6733/files/Untitleddesign-2025-01-24T225944.182.png?v=1738055898,https://royaltrend.pk/products/adii-avryn-boost-gray-black-orange
ADii Avrynn Boost (Black Duo),12000.00,https://cdn.shopify.com/s/files/1/0902/1151/6733/files/Untitleddesign-2025-01-24T223514.617.png?v=1738061626,https://royaltrend.pk/products/adii-avrynn-boost-black-duo
ADii Avrynn Boost (Olive),12000.00,https://cdn.shopify.com/s/files/1/0902/1151/6733/files/Untitleddesign-2025-01-24T215829.715.png?v=1738061787,https://royaltrend.pk/products/adii-avrynn-boost-olive
ADii Avrynn Boost (Shadow Navy),12000.00,https://cdn.shopify.com/s/files/1/0902/1151/6733/files/Untitleddesign-2025-01-24T224741.392.png?v=1738061185,https://royaltrend.pk/products/adii-avrynn-boost-shadow-navy
Adii Forum Low - Classic Style with a Modern Twist,11500.00,https://cdn.shopify.com/s/files/1/0902/1151/6733/files/Untitleddesign-2025-01-07T140707.715.png?v=1736246526,https://royaltrend.pk/products/adii-forum-low-classic-style-with-a-modern-twist
Adii Forum Low - Minimalist Grey Suede Edition,11500.00,https://cdn.shopify.com/s/files/1/0902/1151/6733/files/Untitleddesign-2025-01-07T134101.744.png?v=1736247092,https://royaltrend.pk/products/adii-forum-low-minimalist-grey-suede-edition
Adii Forum Low - Monochrome Black & White Edition,11500.00,https://cdn.shopify.com/s/files/1/0902/1151/6733/files/Untitleddesign-2025-01-07T135004.906.png?v=1736246819,https://royaltrend.pk/products/adii-forum-low-monochrome-black-white-edition
"Adii NMD-S1 (Grey) | Classic Style, Modern Design",9000.00,https://cdn.shopify.com/s/files/1/0902/1151/6733/files/Untitleddesign-2024-12-14T053524.242.png?v=1734376420,https://royaltrend.pk/products/adii-nmd-s1-grey-classic-style-modern-design
Adii NMD-S1 (Mint) | Bold Pop of Color & Comfort,9000.00,https://cdn.shopify.com/s/files/1/0902/1151/6733/files/Untitleddesign-2024-12-14T053259.328.png?v=1734376758,https://royaltrend.pk/products/adii-nmd-s1-mint-bold-pop-of-color-comfort
Adii PureBoost 22 - White Blue Black Edition | Energy-Returning Running Shoes for Men & Women | Shop Online at Royal Trend Pakistan,9500.00,https://cdn.shopify.com/s/files/1/0902/1151/6733/files/Right_side_profile_of_Adii_PureBoost_22.jpg?v=1740777101,https://royaltrend.pk/products/adii-pureboos-22-white-blue-black
Adii PureBoost 22 All Black White,9500.00,https://cdn.shopify.com/s/files/1/0902/1151/6733/files/5_738cae95-b1b2-44e7-bd2b-faa8e685bc43.jpg?v=1734031605,https://royaltrend.pk/products/adii-pureboos-22-all-black-white
Adii PureBoost 22 Black Royal blue,9500.00,https://cdn.shopify.com/s/files/1/0902/1151/6733/files/7_5f7e7ca3-26b0-4b17-b292-02f660c5cfb2.jpg?v=1734031947,https://royaltrend.pk/products/adi-pureboost-22-black-royal-blue
Adii PureBoost 22 Navy Mint,9500.00,https://cdn.shopify.com/s/files/1/0902/1151/6733/files/8_35ed79c8-c259-4e05-bcba-2197dc405227.jpg?v=1734032080,https://royaltrend.pk/products/adii-pureboost-22-navy-mint
Adii PureBoost 22 White Grey,9500.00,https://cdn.shopify.com/s/files/1/0902/1151/6733/files/3_4771b9b1-192b-4a18-9345-294ed46dbfdd.jpg?v=1734031091,https://royaltrend.pk/products/adii-pureboos-22-white-grey
Adii PureBoost 22 White Orange,9500.00,https://cdn.shopify.com/s/files/1/0902/1151/6733/files/2_7c01e78e-3534-480b-a66a-20f90c7e5d34.jpg?v=1734030844,https://royaltrend.pk/products/adii-pureboos-22-white-orange
Adii Retropy E5 Camel - Premium Quality Sneakers for Ultimate Comfort,15000.00,https://cdn.shopify.com/s/files/1/0902/1151/6733/files/17_27.png?v=1732967385,https://royaltrend.pk/products/adii-retropy-e5-camel
Adii Samba Black - Premium Quality Classic Sneakers,9500.00,https://cdn.shopify.com/s/files/1/0902/1151/6733/files/2b_42d44d45-3f7d-49b0-b86a-630a05100111.jpg?v=1732341195,https://royaltrend.pk/products/adii-samba-black
Adii Samba White - Premium Quality Classic Sneakers,9500.00,https://cdn.shopify.com/s/files/1/0902/1151/6733/files/6_fcbbf565-985f-40aa-8327-3c046124b561.jpg?v=1732341599,https://royaltrend.pk/products/adii-samba-white
Adii Slide Adilette 3.0 Black White,4000.00,https://cdn.shopify.com/s/files/1/0902/1151/6733/files/IMG_20240307_065036_543.jpg?v=1729803376,https://royaltrend.pk/products/adii-slide-adilette-3-0-black-white
Adii Terrex trail Black Orange,12999.00,https://cdn.shopify.com/s/files/1/0902/1151/6733/files/17_21.png?v=1732967472,https://royaltrend.pk/products/adii-terrex-trail-black-orange
Adii Ultraboost 21 ‚ÄòCore Black‚Äô,11000.00,https://cdn.shopify.com/s/files/1/0902/1151/6733/files/Untitleddesign-2025-01-03T235134.042.png?v=1735935248,https://royaltrend.pk/products/adii-ultraboost-21-core-black
Adii Ultraboost 21 ‚ÄòTriple White‚Äô,11000.00,https://cdn.shopify.com/s/files/1/0902/1151/6733/files/Untitleddesign-2025-01-04T001647.017.png?v=1735935099,https://royaltrend.pk/products/adii-ultraboost-21-triple-white
Adii Yeeezzzy 350 Earth ‚Äì Knit Sneakers | Royal Trend,12000.00,https://cdn.shopify.com/s/files/1/0902/1151/6733/files/Adii_Yeeezzzy_350_Earth_sneakers_right_side_profile.png?v=1739222982,https://royaltrend.pk/products/adii-yeeezzy-350-earth
Adii Yeeezzzy 350 Tail Light ‚Äì Knit Sneakers | Royal Trend,12000.00,https://cdn.shopify.com/s/files/1/0902/1151/6733/files/Adii_Yeeezzzy_350_Tail_Light_right_side_profile.png?v=1739221826,https://royaltrend.pk/products/adii-yeeezzzy-350-tail-light
Adii Yeeezzzy 350 Triple Black ‚Äì Knit Sneakers | Royal Trend,12000.00,https://cdn.shopify.com/s/files/1/0902/1151/6733/files/Adii_Yeeezzzy_350_Triple_Black_sneakers_right_side_profile.png?v=1739222520,https://royaltrend.pk/products/adii-yeeezzyy-350-triple-black
Adii Yeeezzzy Onyx ‚Äì Matte Black Sneakers | Royal Trend,12000.00,https://cdn.shopify.com/s/files/1/0902/1151/6733/files/Adii_Yeeezzzy_Onyx_right_side_profile.png?v=1739224114,https://royaltrend.pk/products/adii-yeeezzy-onyx
AF 1 LOW BLACK-WHITE PANDA,13000.00,https://cdn.shopify.com/s/files/1/0902/1151/6733/files/A2.jpg?v=1734980650,https://royaltrend.pk/products/air-force-1-low-black-white-panda
AF 1 ‚ÄòTriple Black‚Äô,9000.00,https://cdn.shopify.com/s/files/1/0902/1151/6733/files/Untitleddesign-2025-01-04T002106.721.png?v=1735933416,https://royaltrend.pk/products/air-force-1-triple-black
AF-1 Annthracitte (Cameel),7500.00,https://cdn.shopify.com/s/files/1/0902/1151/6733/files/Untitled_design_-_2024-12-07T204113.362.png?v=1733799991,https://royaltrend.pk/products/af-1-annthracitte-cameel
AF1 Low Grey,7500.00,https://cdn.shopify.com/s/files/1/0902/1151/6733/files/Untitled_design_-_2024-12-07T204710.133.png?v=1733799991,https://royaltrend.pk/products/af1-olive-green
Aiir Maxx 90 Black Red ‚Äì Premium Comfort & Bold Style,8500.00,https://cdn.shopify.com/s/files/1/0902/1151/6733/files/Untitleddesign_36.png?v=1733154502,https://royaltrend.pk/products/aiirmaxx90-black-red
Aiir Up-Tempo Black White,14000.00,https://cdn.shopify.com/s/files/1/0902/1151/6733/files/Untitleddesign_37.png?v=1732812232,https://royaltrend.pk/products/air-up-tempo-black-white
Aiir Wiinflo 9 - White & Coral Glow Edition,9999.00,https://cdn.shopify.com/s/files/1/0902/1151/6733/files/Untitleddesign-2025-01-07T125856.643.png?v=1736248524,https://royaltrend.pk/products/air-winflo-9-white-coral-glow-edition
Aiirmaxx 90 Multi,8500.00,https://cdn.shopify.com/s/files/1/0902/1151/6733/files/Untitleddesign_47.png?v=1733155325,https://royaltrend.pk/products/airmax-90-multi
Aiirmaxx 90 White Black,8500.00,https://cdn.shopify.com/s/files/1/0902/1151/6733/files/Untitleddesign_52.png?v=1733155771,https://royaltrend.pk/products/airmax-90-white-black
Aiirmaxx90 Black White,8500.00,https://cdn.shopify.com/s/files/1/0902/1151/6733/files/Untitleddesign_32.png?v=1733154161,https://royaltrend.pk/products/airmax90-black-white
Air Jordan 4 Bred Black/Red Sneakers | Royal Trend PK,14000.00,https://cdn.shopify.com/s/files/1/0902/1151/6733/files/AJ4_Bred_right_side.png?v=1741638193,https://royaltrend.pk/products/air-jordan-4-bred-black-red-üèÄ
AJ 1 High - Chicago,12000.00,https://cdn.shopify.com/s/files/1/0902/1151/6733/files/Untitleddesign-2024-12-20T011137.999.png?v=1734721050,https://royaltrend.pk/products/air-jordan-1-high-chicago
AJ 1 High - Chicago with StockX Authentication,12000.00,https://cdn.shopify.com/s/files/1/0902/1151/6733/files/Untitleddesign-2024-12-20T000954.149.png?v=1734721061,https://royaltrend.pk/products/air-jordan-1-high-chicago-with-stockx-authentication
AJ 1 High - Graffiti Script,12000.00,https://cdn.shopify.com/s/files/1/0902/1151/6733/files/Untitleddesign-2024-12-20T011658.629.png?v=1734720992,https://royaltrend.pk/products/air-jordan-1-high-graffiti-script
AJ 1 High Retro - Mocha Green Fusion,12000.00,https://cdn.shopify.com/s/files/1/0902/1151/6733/files/Untitleddesign-2024-12-20T013402.078.png?v=1734720937,https://royaltrend.pk/products/air-jordan-1-high-retro-mocha-green-fusion
AJ 1 Low ‚ÄòBlack Toe‚Äô,9500.00,https://cdn.shopify.com/s/files/1/0902/1151/6733/files/Untitleddesign-2025-01-04T000640.305.png?v=1735934435,https://royaltrend.pk/products/air-jordan-1-low-black-toe
AJ 1 Mid - Grey/Black,12000.00,https://cdn.shopify.com/s/files/1/0902/1151/6733/files/Untitleddesign-2024-12-20T012825.843.png?v=1734720966,https://royaltrend.pk/products/air-jordan-1-mid-grey-black
AJ 1 Phantom,6999.00,https://cdn.shopify.com/s/files/1/0902/1151/6733/files/Untitleddesign-2024-12-03T221805.712.png?v=1733259363,https://royaltrend.pk/products/air-jordan-1-phantom
AJ 1 SB Dunk Light Dark Gray,11000.00,https://cdn.shopify.com/s/files/1/0902/1151/6733/files/17_32.png?v=1732967730,https://royaltrend.pk/products/airjordan-1-sb-dunk-light-dark-gray
"AJ 4 ""White Cement""",7999.00,https://cdn.shopify.com/s/files/1/0902/1151/6733/files/Untitleddesign-2024-12-04T212402.324.png?v=1733408933,https://royaltrend.pk/products/air-jordan-4-white-cement
AJ Slide Blue DD,4000.00,https://cdn.shopify.com/s/files/1/0902/1151/6733/files/IMG_20230713_064207_065.jpg?v=1729803661,https://royaltrend.pk/products/jordan-slide-blue-dd
"AJ-1S LOW ""SHADOW""",7500.00,https://cdn.shopify.com/s/files/1/0902/1151/6733/files/Untitled_design_-_2024-12-10T072431.452.png?v=1733798731,https://royaltrend.pk/products/aj-1s-low-shadow
Art 0001 loafers Black,4000.00,https://cdn.shopify.com/s/files/1/0902/1151/6733/files/21-1.jpg?v=1729803511,https://royaltrend.pk/products/classic-black-leather-loafers
Art 0001 loafers Coffee,4000.00,https://cdn.shopify.com/s/files/1/0902/1151/6733/files/25-1.jpg?v=1729803522,https://royaltrend.pk/products/art-0001-loafers
Art 0001 loafers Mustard,4000.00,https://cdn.shopify.com/s/files/1/0902/1151/6733/files/3d.jpg?v=1729803532,https://royaltrend.pk/products/classic-brown-leather-loafers
Art-0003 Elegant Black Dress Shoes,5500.00,https://cdn.shopify.com/s/files/1/0902/1151/6733/files/Untitleddesign-2024-12-07T222144.674.png?v=1733860165,https://royaltrend.pk/products/art-0003-elegant-black-dress-shoes
Art-0004 Black,4200.00,https://cdn.shopify.com/s/files/1/0902/1151/6733/files/Untitleddesign-2024-12-11T062419.960.png?v=1733880294,https://royaltrend.pk/products/art-0004-black
Art-002 Loafers,4999.00,https://cdn.shopify.com/s/files/1/0902/1151/6733/files/Untitleddesign-2024-12-07T224645.826.png?v=1733859741,https://royaltrend.pk/products/art-002-loafers
Art-004 Brown,4200.00,https://cdn.shopify.com/s/files/1/0902/1151/6733/files/Untitleddesign-2024-12-07T212215.592.png?v=1733880544,https://royaltrend.pk/products/art-004-brown
Art-005 Black,4999.00,https://cdn.shopify.com/s/files/1/0902/1151/6733/files/Untitleddesign-2024-12-07T211341.035.png?v=1733880908,https://royaltrend.pk/products/art-005-black
Balmain Slide Box Beige Black ‚Äì Royal Trend Pakistan,4500.00,https://cdn.shopify.com/s/files/1/0902/1151/6733/files/Right_Side_View_Balmain.jpg?v=1741889991,https://royaltrend.pk/products/balmain-box-beige-black
Brown Double Strap Buckle Sandals,5500.00,https://cdn.shopify.com/s/files/1/0902/1151/6733/files/f-2.jpg?v=1729803565,https://royaltrend.pk/products/brown-double-strap-buckle-sandals
Chunky White Sneakers White Brown,7000.00,https://cdn.shopify.com/s/files/1/0902/1151/6733/files/9_94708691-266c-44d4-b5c9-dfc9912137fd.jpg?v=1732377366,https://royaltrend.pk/products/chunky-white-sneakers-white-brown
"Converse Chuck Taylor All Star 70s High-Top ‚Äì Iconic Style, Timeless Comfort All White",8500.00,https://cdn.shopify.com/s/files/1/0902/1151/6733/files/Untitleddesign-2025-01-03T234714.335.png?v=1735936005,https://royaltrend.pk/products/converse-chuck-taylor-all-star-70s-high-top-iconic-style-timeless-comfort-all-white
"Converse Chuck Taylor All Star 70s High-Top ‚Äì Iconic Style, Timeless Comfort Blue White",8500.00,https://cdn.shopify.com/s/files/1/0902/1151/6733/files/Untitleddesign-2025-01-03T235640.775.png?v=1735936144,https://royaltrend.pk/products/converse-chuck-taylor-all-star-70s-high-top-iconic-style-timeless-comfort-blue-white
Gucci Semi Formal Black White A0001,4200.00,https://cdn.shopify.com/s/files/1/0902/1151/6733/files/8_f1a0a1c2-9459-43f9-b302-58032c8198f8.jpg?v=1732963397,https://royaltrend.pk/products/gucci-semi-formal-black-white-a0001
Gucci Semi Formal Brown White A0002,4200.00,https://cdn.shopify.com/s/files/1/0902/1151/6733/files/9_d8bb3481-5766-4aec-8c35-e3a29a3aa2fd.jpg?v=1732963593,https://royaltrend.pk/products/gucci-semi-formal-brown-white-a0001
Gucci Semi Formal Camel White A0003,4200.00,https://cdn.shopify.com/s/files/1/0902/1151/6733/files/10_7070f35b-6155-456d-a8ea-9fd20ce71454.jpg?v=1732963766,https://royaltrend.pk/products/gucci-semi-formal-camel-white-a0003
Hk Clifton 8 Men's Running Shoes ‚Äì Lightweight Comfort in Black,9999.00,https://cdn.shopify.com/s/files/1/0902/1151/6733/files/Untitleddesign_1.png?v=1733129546,https://royaltrend.pk/products/hoka-clifton-8-black-1
Hk Clifton 8 ‚Äì Light and Plush for Everyday Miles,9999.00,https://cdn.shopify.com/s/files/1/0902/1151/6733/files/Untitleddesign_12.png?v=1733130027,https://royaltrend.pk/products/hoka-clifton-8-dark-grey-1
Hk Go Walk Rubious Khaki Aqua Blue ‚Äì Premium Running Shoes,9999.00,https://cdn.shopify.com/s/files/1/0902/1151/6733/files/Untitleddesign-2024-12-03T220951.036.png?v=1733260471,https://royaltrend.pk/products/hoka-go-walk-rubious-khaki-aqua-blue-premium-quality
"Hoka Clifton 8 Men‚Äôs Running Shoes ‚Äì Light Grey/Orange | Max-Cushion w/ Meta-Rocker Tech | Neutral Arch Support for Long Runs, Marathons & Daily Training | Royal Trend Pakistan",9999.00,https://cdn.shopify.com/s/files/1/0902/1151/6733/files/Hoka_Clifton_8_right_profile.png?v=1739407057,https://royaltrend.pk/products/hoka-clifton-8-light-grey-1
Hoka Go Walk Rubious White Navy ‚Äì Premium Performance Shoes,9999.00,https://cdn.shopify.com/s/files/1/0902/1151/6733/files/Untitleddesign-2024-12-03T220601.175.png?v=1733260498,https://royaltrend.pk/products/hoka-go-walk-rubious-white-navy-premium-quality
Hoka One One Bondi 6 - The Ultimate Cushioned Road Running Shoe,9999.00,https://cdn.shopify.com/s/files/1/0902/1151/6733/files/Untitleddesign_60.png?v=1733156834,https://royaltrend.pk/products/hoka-one-mens-bondi-6
Hoka Rincon 2 - Cloud-Weight Cushion for Everyday Runs,11000.00,https://cdn.shopify.com/s/files/1/0902/1151/6733/files/4_7e9f252e-822b-485e-a919-9f1e95555bf9.jpg?v=1732961948,https://royaltrend.pk/products/hoka-rincon-2-black-white-1
Hoka Skyline Float Triple Black,9999.00,https://cdn.shopify.com/s/files/1/0902/1151/6733/files/Untitleddesign-2024-12-04T211220.016.png?v=1733410377,https://royaltrend.pk/products/hoka-skyline-float-triple-black
Hoka Skyline Float Triple White,9999.00,https://cdn.shopify.com/s/files/1/0902/1151/6733/files/Untitleddesign-2024-12-04T205640.376.png?v=1733412509,https://royaltrend.pk/products/hoka-skyline-float-triple-white
Hoka Skyline-Float Beige Hiker Shoes | Royal Trend PK,9999.00,https://cdn.shopify.com/s/files/1/0902/1151/6733/files/Hybrid_hiker_breathable_mesh_panel.png?v=1741639789,https://royaltrend.pk/products/hoka-skyline-float-beige
Joyriide Runn Flykniit (White),7500.00,https://cdn.shopify.com/s/files/1/0902/1151/6733/files/IMG_20231210_071834_786.jpg?v=1729803749,https://royaltrend.pk/products/joyriide-runn-flykniit-white
Lo-Vi Trainers Green | Fresh & Fashionable Look,9900.00,https://cdn.shopify.com/s/files/1/0902/1151/6733/files/Untitled_design_-_2024-12-10T064729.634.png?v=1733798926,https://royaltrend.pk/products/lo-vi-trainers-green-fresh-fashionable-look
"Lo-Vi Trainers Navy | Versatile Style, Easy to Match",9900.00,https://cdn.shopify.com/s/files/1/0902/1151/6733/files/Untitled_design_-_2024-12-10T071229.639.png?v=1733799012,https://royaltrend.pk/products/lo-vi-trainers-navy-versatile-style-easy-to-match
Lo-Vi Trainers Red | Bold Statement Sneaker,9900.00,https://cdn.shopify.com/s/files/1/0902/1151/6733/files/Untitled_design_-_2024-12-10T070209.893.png?v=1733799067,https://royaltrend.pk/products/lo-vi-trainers-red-bold-statement-sneaker
"Lo-Vi Trainers Wheat | Earthy Tones, Casual Vibes",9900.00,https://cdn.shopify.com/s/files/1/0902/1151/6733/files/Untitled_design_-_2024-12-10T072124.281.png?v=1733799141,https://royaltrend.pk/products/lo-vi-trainers-wheat-earthy-tones-casual-vibes
Lo-Vi Trainers Yellow | Bold & Eye-Catching Style,9900.00,https://cdn.shopify.com/s/files/1/0902/1151/6733/files/Untitled_design_-_2024-12-10T071637.139.png?v=1733799202,https://royaltrend.pk/products/lo-vi-trainers-yellow-bold-eye-catching-style
Men‚Äôs Black Leather Casual Sneakers | Stylish & Comfy,9999.00,https://cdn.shopify.com/s/files/1/0902/1151/6733/files/Untitleddesign-2025-01-24T231439.748.png?v=1738065258,https://royaltrend.pk/products/men-s-ultra-lightweight-casual-sneakers-black
Men‚Äôs Khaki Leather Casual Sneakers | Light & Versatile,9999.00,https://cdn.shopify.com/s/files/1/0902/1151/6733/files/Untitleddesign-2025-01-25T004223.829.png?v=1738065077,https://royaltrend.pk/products/men-s-ultra-lightweight-casual-sneakers-khaaki
Men‚Äôs Ultra-Lightweight Casual Sneakers | Breathable & Stylish,9999.00,https://cdn.shopify.com/s/files/1/0902/1151/6733/files/Untitleddesign-2025-01-25T012844.030.png?v=1738064689,https://royaltrend.pk/products/men-s-ultra-lightweight-casual-sneakers-blue
NAF 1 Low - Gray Edition | Minimalist Sneakers w/ Premium Cushioning | Men‚Äôs & Women‚Äôs Lightweight Casual Shoes for Urban Fashion | Royal Trend Pakistan,12000.00,https://cdn.shopify.com/s/files/1/0902/1151/6733/files/NAF_1_Low_Gray_Edition_right_profile.png?v=1739386755,https://royaltrend.pk/products/nike-air-force-1-low-gray-edition
NAF 1 Low - Triple White | All-White Sneakers for Men & Women | Stylish Minimalist Shoes | Comfortable Casual Footwear | Available in Pakistan,9000.00,https://cdn.shopify.com/s/files/1/0902/1151/6733/files/Right_side_profile_of_NAF_1_Low_-_Triple_White.png?v=1741120941,https://royaltrend.pk/products/nike-air-force-1-low-triple-white
"NAF 1 Low ‚Äì Iconic All-White Classic Sneakers | Timeless Design, Premium Comfort | Unisex Everyday & Streetwear Footwear",9000.00,https://cdn.shopify.com/s/files/1/0902/1151/6733/files/Right_profile_of_NAF_1_Low_white_shoes.png?v=1739306944,https://royaltrend.pk/products/naf-1-low-iconic-all-white-classic
NB FRESH FOAM MORE TRAIL V2 AQUA BLUE,14500.00,https://cdn.shopify.com/s/files/1/0902/1151/6733/files/Untitleddesign-2024-12-03T134651.199.png?v=1733263261,https://royaltrend.pk/products/nb-fresh-foam-more-trail-v2-aqua-blue
NB FRESH FOAM MORE TRAIL V2 GREEN GREY,14500.00,https://cdn.shopify.com/s/files/1/0902/1151/6733/files/Untitleddesign-2024-12-03T140348.330.png?v=1733262736,https://royaltrend.pk/products/nb-fresh-foam-more-trail-v2-army-green
NB FRESH FOAM MORE TRAIL V2 WHITE  WHITE GREEN,14500.00,https://cdn.shopify.com/s/files/1/0902/1151/6733/files/Untitleddesign-2024-12-03T135530.259.png?v=1733263023,https://royaltrend.pk/products/nb-fresh-foam-more-trail-v2-white-black-green
NB FRESH FOAM MORE TRAIL V2 WHITE RED,14500.00,https://cdn.shopify.com/s/files/1/0902/1151/6733/files/Untitleddesign-2024-12-03T135029.842.png?v=1733263479,https://royaltrend.pk/products/nb-fresh-foam-more-trail-v2-white-red
NB Fresh Foam X More Trail V3 Brown,13000.00,https://cdn.shopify.com/s/files/1/0902/1151/6733/files/17_6_6985487f-7ada-4372-b59a-5a711a8bbb7d.png?v=1732965421,https://royaltrend.pk/products/nb-fresh-foam-x-more-trail-v3-brown
NB Fresh Foam X More Trail V3 Grey,13000.00,https://cdn.shopify.com/s/files/1/0902/1151/6733/files/17_11.png?v=1732966072,https://royaltrend.pk/products/nb-fresh-foam-x-more-trail-v3-grey
NB Fresh Foam X More Trail V3 Multi,13000.00,https://cdn.shopify.com/s/files/1/0902/1151/6733/files/17_16.png?v=1732966312,https://royaltrend.pk/products/nb-fresh-foam-x-more-trail-v3-multi
NB FuelCell SuperComp Elite v3 - Energy Arc Edition | Premium Running Shoes for Men & Women | Shop Online at Royal Trend Pakistan,18000.00,https://cdn.shopify.com/s/files/1/0902/1151/6733/files/Right_side_profile_of_NB_FuelCell_SuperComp_Elite_v3.png?v=1740428426,https://royaltrend.pk/products/nb-fuelcell-supercomp-elite-v3-energy-arc-edition
NB v5 Fresh Foam X More Black ‚Äì Running Shoes | Royal Trend,20000.00,https://cdn.shopify.com/s/files/1/0902/1151/6733/files/NB_v5_Fresh_Foam_X_More_Black_Grey_right_profile.png?v=1739225532,https://royaltrend.pk/products/nb-v5-fresh-foam-x-more-black-grey
NB v5 Fresh Foam X More Blue ‚Äì Running Shoes | Royal Trend,20000.00,https://cdn.shopify.com/s/files/1/0902/1151/6733/files/NB_v5_Fresh_Foam_X_More_Blue_right_profile.png?v=1739225047,https://royaltrend.pk/products/nb-v5-fresh-foam-x-more-blue
NB x Stone Island FuelCell C_1,18000.00,https://cdn.shopify.com/s/files/1/0902/1151/6733/files/1_10ba3d44-92a7-4377-b5f5-3da1bf913282.jpg?v=1734130045,https://royaltrend.pk/products/nb-x-stone-island-fuelcell-c_1
Nike React Infinity Run Flyknit 3 - Maximum Comfort & Style | Perfect for Everyday Runs | Shop Online at Royal Trend Pakistan,9999.00,https://cdn.shopify.com/s/files/1/0902/1151/6733/files/Right_side_profile_of_Nike_React_Infinity_Run_Flyknit_3_displaying.png?v=1740429742,https://royaltrend.pk/products/react-infinity-run-flyknit-3-maximum-comfort-style-for-everyday-runs
Nike React Infinity Run Flyknit 3 - Sleek Black Edition | Unparalleled Comfort & Style | Shop Online at Royal Trend Pakistan,9999.00,https://cdn.shopify.com/s/files/1/0902/1151/6733/files/Right_side_profile_of_Nike_React_Infinity_Run_Flyknit_3.png?v=1740429025,https://royaltrend.pk/products/react-infinity-run-flyknit-3-sleek-black-edition-for-unparalleled-comfort
Nike Zoom Winflo 10 | Lightweight Running Shoes for Men & Women | Comfortable Sneakers for Gym & Outdoor Use | Available in Pakistan,12500.00,https://cdn.shopify.com/s/files/1/0902/1151/6733/files/Right_side_profile_of_Nike_Zoom_Winflo_10.png?v=1741110881,https://royaltrend.pk/products/zoom-winflo-10-lightweight-running-shoes-for-ultimate-performance
NK - LV-Inspired Monogram With Dark Tones Coffee | Stylish Sneakers for Men & Women | Luxury Casual Footwear | Available in Pakistan,13000.00,https://cdn.shopify.com/s/files/1/0902/1151/6733/files/Right_side_profile_of_NK_-_LV-Inspired_Monogram_sneakers.jpg?v=1741121940,https://royaltrend.pk/products/l-v-inspired-monogram-with-dark-tones-coffe
NK Aiirmaxx TerraScappe Plus (Sail White),8500.00,https://cdn.shopify.com/s/files/1/0902/1151/6733/files/ec41448d-7720-4a76-aef4-ec6998d0a192.jpg?v=1729803965,https://royaltrend.pk/products/nk-aiirmaxx-terrascappe-plus-sail-white
NK Aiirmaxx TerraScappe Plus(Black Fire),8500.00,https://cdn.shopify.com/s/files/1/0902/1151/6733/files/24a.jpg?v=1729803973,https://royaltrend.pk/products/nk-aiirmaxx-terrascappe-plusblack-fire
NK Aiirmaxx TerraScappe Plus(Black Noir),8500.00,https://cdn.shopify.com/s/files/1/0902/1151/6733/files/2c809f54-2db6-4ebf-b362-dcd58f235bfa.jpg?v=1729803981,https://royaltrend.pk/products/nk-aiirmaxx-terrascappe-plusblack-noir
NK Aiirmaxx TerraScappe Plus(Black Racer Blue),15000.00,https://cdn.shopify.com/s/files/1/0902/1151/6733/files/5a.jpg?v=1729803990,https://royaltrend.pk/products/nk-aiirmaxx-terrascappe-plusblack-racer-blue
NK Aiirmaxx TerraScappe Plus(Navy White),15000.00,https://cdn.shopify.com/s/files/1/0902/1151/6733/files/51cce0b1-a7ab-483c-b6fc-9ca01f695380.jpg?v=1729803999,https://royaltrend.pk/products/nk-aiirmaxx-terrascappe-plusnavy-white
NK Air Jordan-6 Retro Triple Black ‚Äì Premium Sneakers for Iconic Style,14999.00,https://cdn.shopify.com/s/files/1/0902/1151/6733/files/Untitleddesign_88.png?v=1733271897,https://royaltrend.pk/products/air-jordan-6-retro-triple-black
NK Airmax 1 Cameo,11000.00,https://cdn.shopify.com/s/files/1/0902/1151/6733/files/5.png?v=1732958269,https://royaltrend.pk/products/airmax-90
NK AirMax 720 - Black/White | Stylish Sneakers for Men & Women | Comfortable Running Shoes | Max Air Cushioning Technology | Available in Pakistan,9500.00,https://cdn.shopify.com/s/files/1/0902/1151/6733/files/Left_side_profile_of_NK_AirMax_720.jpg?v=1741113697,https://royaltrend.pk/products/air-max-720-black-white
NK Airmax90 White,8500.00,https://cdn.shopify.com/s/files/1/0902/1151/6733/files/Untitleddesign_42_409b4260-ed95-490e-82bb-483488587835.png?v=1733154433,https://royaltrend.pk/products/airmax90-white
NK AJ - 5 Retro Blue Bird,14999.00,https://cdn.shopify.com/s/files/1/0902/1151/6733/files/Untitleddesign-2024-12-03T134000.561.png?v=1733271325,https://royaltrend.pk/products/air-jordan-5-retro-blue-bird
NK AJ Courtside 23 ‚ÄùGrey Fog‚Äù,14999.00,https://cdn.shopify.com/s/files/1/0902/1151/6733/files/Untitleddesign.png?v=1733272068,https://royaltrend.pk/products/air-jordan-courtside-23-grey-fog
NK AJ-5 Retro Gore-Tex Off-Noir Black,14999.00,https://cdn.shopify.com/s/files/1/0902/1151/6733/files/Untitleddesign_99.png?v=1733271710,https://royaltrend.pk/products/air-jordan-5-retro-gore-tex-off-noir-black
NK Dunk Low ‚ÄòPanda‚Äô | Black-and-White Sneakers for Men & Women | Stylish Casual Shoes | Comfortable Streetwear Design | Available in Pakistan,14500.00,https://cdn.shopify.com/s/files/1/0902/1151/6733/files/Right_side_profile_of_NK_Dunk_Low_Panda.png?v=1741112211,https://royaltrend.pk/products/dunk-low-panda
NK LV-Inspired Monogram Pattern Brown White | Luxury Casual Sneakers for Men & Women | Stylish Designer Shoes | Available in Pakistan,13000.00,https://cdn.shopify.com/s/files/1/0902/1151/6733/files/Right_side_profile_of_NK_LV-Inspired_Monogram_sneakers.jpg?v=1741125940,https://royaltrend.pk/products/l-v-inspired-monogram-pattern-brown-white
"NK Running Pegasus 41 Black Duo ‚Äì Breathable Mesh Running Shoes w/ Zoom Air Cushioning | Men‚Äôs & Women‚Äôs Durable Design for Gym, Jogging & Pakistani Terrain | Royal Trend Pakistan",15000.00,https://cdn.shopify.com/s/files/1/0902/1151/6733/files/NK_Running_Pegasus_41_Black_Duo_right_profile.png?v=1739229690,https://royaltrend.pk/products/nk-running-pegasus-41-black-duo
NK ZOOMX ULTRAFLY NEXT (WHITE/ORANGE),9500.00,https://cdn.shopify.com/s/files/1/0902/1151/6733/files/Untitleddesign-2024-12-03T213111.879.png?v=1733319152,https://royaltrend.pk/products/zoomx-ultrafly-next-white-orange-1
Nk Zooom Wiinfloo 7 (White Multi),9800.00,https://cdn.shopify.com/s/files/1/0902/1151/6733/files/b3f52671-19c7-4ddc-8e80-6e4e6b4a5187.jpg?v=1729804091,https://royaltrend.pk/products/nk-zooom-wiinfloo-7-white-multi
Nk Zooom Wiinfloo 7(Grey Neon),9800.00,https://cdn.shopify.com/s/files/1/0902/1151/6733/files/22b38c29-4c67-4033-aa5a-bc7ac7fb5e18.jpg?v=1729804108,https://royaltrend.pk/products/nk-zooom-wiinfloo-7grey-neon
Novablast 3 Black White,9500.00,https://cdn.shopify.com/s/files/1/0902/1151/6733/files/7_d3ea4828-f8c4-4deb-8b66-e2b6ecfe2243.jpg?v=1732962999,https://royaltrend.pk/products/asics-novablast-3-black-white
Olive Green Strappy Sandals W-1112,4500.00,https://cdn.shopify.com/s/files/1/0902/1151/6733/files/7_cc7a8255-e233-4b04-979c-a3f3a688af90.jpg?v=1729804122,https://royaltrend.pk/products/olive-green-strappy-sandals
Orange and Black Adjustable Strap Sandals,5000.00,https://cdn.shopify.com/s/files/1/0902/1151/6733/files/1-2.jpg?v=1729804134,https://royaltrend.pk/products/orange-and-black-adjustable-strap-sandals
"Premium Adda Flip Flop Zero - Black & Red, A-Grade Comfort and Style",4000.00,https://cdn.shopify.com/s/files/1/0902/1151/6733/files/IMG_20240304_071305_751.jpg?v=1729803256,https://royaltrend.pk/products/adda-flip-flop-zero-black-red
"Premium Adda Flip Flop Zero - Blue, A-Grade Comfort and Style",4000.00,https://cdn.shopify.com/s/files/1/0902/1151/6733/files/IMG_20240304_071323_250.jpg?v=1729803264,https://royaltrend.pk/products/adda-flip-flop-zero-blue
"Premium Adda Flip Flop Zero - Wood Finish, A-Grade Comfort and Style",4000.00,https://cdn.shopify.com/s/files/1/0902/1151/6733/files/IMG_20240304_071245_487.jpg?v=1729803272,https://royaltrend.pk/products/adda-flip-flop-zero-wood
"Premium Adda Flip Flops for Men - Dark Brown, A-Grade Comfort & Style",4000.00,https://cdn.shopify.com/s/files/1/0902/1151/6733/files/IMG_20240304_070539_142.jpg?v=1729803233,https://royaltrend.pk/products/adda-flip-flop-lets-walk-together-dark-brown
Premium Adda Flip Flops for Men - Let's Walk Together in Grey,4000.00,https://cdn.shopify.com/s/files/1/0902/1151/6733/files/IMG_20240304_070310_194.jpg?v=1729803241,https://royaltrend.pk/products/adda-flip-flop-lets-walk-together-grey
Pure Gel Keyano 30 Black Blue,9500.00,https://cdn.shopify.com/s/files/1/0902/1151/6733/files/6_878eea33-d67b-4656-9ebd-1fba2730ff56.jpg?v=1732962515,https://royaltrend.pk/products/asics-pure-gel-keyano-30-black-blue
Pure Gel Keyano 30 Black White,9500.00,https://cdn.shopify.com/s/files/1/0902/1151/6733/files/Untitleddesign_22.png?v=1733131897,https://royaltrend.pk/products/asics-pure-gel-keyano-30-black-white
"Pure Gel Keyano 30 Grey ‚Äì Gel Cushioning Running Shoes w/ Breathable Mesh | Men‚Äôs & Women‚Äôs Lightweight Sneakers for Gym, Jogging & Urban Streets | Royal Trend Pakistan",9500.00,https://cdn.shopify.com/s/files/1/0902/1151/6733/files/Pure_Gel_Keyano_30_Grey_right_profile.png?v=1739308410,https://royaltrend.pk/products/asics-pure-gel-keyano-30-grey
Pure Gel Keyano 30 Tripple Black,9500.00,https://cdn.shopify.com/s/files/1/0902/1151/6733/files/Untitleddesign_16.png?v=1733131870,https://royaltrend.pk/products/asics-pure-gel-keyano-30-tripple-black
Rubious White Green Premium Quality,8999.00,https://cdn.shopify.com/s/files/1/0902/1151/6733/files/Untitleddesign-2024-12-03T221333.784.png?v=1733260484,https://royaltrend.pk/products/rubious-white-green-premium-quality
Runplus All black,9500.00,https://cdn.shopify.com/s/files/1/0902/1151/6733/files/Untitleddesign-2024-12-23T233122.075.png?v=1734978839,https://royaltrend.pk/products/runplus-all-black
Runplus Green,9500.00,https://cdn.shopify.com/s/files/1/0902/1151/6733/files/E1.jpg?v=1734979189,https://royaltrend.pk/products/runplus-green
"SB DUNK LOW ""ACG CELLADON""",9500.00,https://cdn.shopify.com/s/files/1/0902/1151/6733/files/Untitled_design_-_2024-12-10T073143.283.png?v=1733799263,https://royaltrend.pk/products/sb-dunk-low-acg-celladon
"SK Max Protect Waterproof Grey ‚Äì Slip-Resistant Outdoor Shoes w/ Reinforced Traction | Men‚Äôs & Women‚Äôs All-Weather Footwear for Hiking, Rain & Pakistani Terrain | Royal Trend Pakistan",12500.00,https://cdn.shopify.com/s/files/1/0902/1151/6733/files/SK_Max_Protect_Waterproof_Grey_right_profile.png?v=1739385943,https://royaltrend.pk/products/sk-max-protect-waterproof-grey
"SK Max Protect Waterproof Olive Grey ‚Äì Slip-Resistant Outdoor Shoes w/ Reinforced Outsole | Men‚Äôs & Women‚Äôs All-Weather Footwear for Hiking, Rain & Pakistani Terrain | Royal Trend Pakistan",12500.00,https://cdn.shopify.com/s/files/1/0902/1151/6733/files/SK_Max_Protect_Waterproof_Olive_Grey_right_profile.png?v=1739385541,https://royaltrend.pk/products/sk-max-protect-waterproof-olive-grey
"Skecherrs Archfitt Good-Year Slip-In ""Grey""",9500.00,https://cdn.shopify.com/s/files/1/0902/1151/6733/files/3_9969a6ad-d0fe-4514-87a3-6d654f6b33db.jpg?v=1732340564,https://royaltrend.pk/products/skecherrs-archfitt-good-year-slip-in-grey
"Skecherrs Archfitt Good-Year Slip-In ""Khaaki""",9500.00,https://cdn.shopify.com/s/files/1/0902/1151/6733/files/5_7ba0dd0c-4890-4a55-9c86-9c7b044e423f.jpg?v=1732340767,https://royaltrend.pk/products/skecherrs-archfitt-good-year-slip-in-khaaki
Skechers Arch Fit - Men's Slip-On Walking Shoes - Beige,9500.00,https://cdn.shopify.com/s/files/1/0902/1151/6733/files/11_2af02ece-b907-4c97-8abd-f2984c817247.jpg?v=1734055152,https://royaltrend.pk/products/skechers-arch-fit-mens-slip-on-walking-shoes-beige
Skechers Arch Fit - Men's Slip-On Walking Shoes - Charcoal,9500.00,https://cdn.shopify.com/s/files/1/0902/1151/6733/files/10.jpg?v=1734053361,https://royaltrend.pk/products/skechers-arch-fit-mens-slip-on-walking-shoes-charcoal-grey
Skechers Arch Fit - Slip-On Walking Shoes for Men - Navy Blue,9500.00,https://cdn.shopify.com/s/files/1/0902/1151/6733/files/9_3f628bb0-c042-4b5b-b947-41bdd8cb0fce.jpg?v=1734053131,https://royaltrend.pk/products/skechers-arch-fit-slip-on-walking-shoes-for-men-navy-blue
"Skechers Arch Fit Slip-In Beige ‚Äì Orthopedic Memory Foam Sneakers w/ Slip-On Design | Men‚Äôs & Women‚Äôs Lightweight Shoes for Walking, Work & Casual Wear | Royal Trend Pakistan",9500.00,https://cdn.shopify.com/s/files/1/0902/1151/6733/files/Skechers_Arch_Fit_Slip-In_Beige_right_profile.png?v=1739308996,https://royaltrend.pk/products/skechers-arch-fit-slip-in-beige-ultra-comfort-meets-effortless-style
Skechers D'Lux Walker 2.0 Slip-On Athletic Beige ‚Äì Lightweight Comfort | Royal Trend Pakistan,9500.00,https://cdn.shopify.com/s/files/1/0902/1151/6733/files/Right_side_view_of_Skechers_D_Lux_Walker_2.0_Slip-On.png?v=1739407694,https://royaltrend.pk/products/skechers-dlux-walker-2-0-slip-on-athletic-beige
Skechers D'Lux Walker 2.0 Slip-On Athletic Brown,9500.00,https://cdn.shopify.com/s/files/1/0902/1151/6733/files/Untitleddesign-2024-12-04T212919.448.png?v=1733408127,https://royaltrend.pk/products/skechers-dlux-walker-2-0-slip-on-athletic-brown
Skechers D'Lux Walker 2.0 Slip-On Athletic Grey,9500.00,https://cdn.shopify.com/s/files/1/0902/1151/6733/files/Untitleddesign-2024-12-04T214712.085.png?v=1733406867,https://royaltrend.pk/products/skechers-dlux-walker-2-0-slip-on-athletic-grey
Skechers MAX CUSHION Slip-On - Stealth Black Edition üñ§,9500.00,https://cdn.shopify.com/s/files/1/0902/1151/6733/files/Untitleddesign-2024-12-04T204757.017.png?v=1733412833,https://royaltrend.pk/products/skechers-max-cushion-slip-on-stealth-black-edition
Skechers MAX CUSHION Slip-On - Urban Gray Edition üèÉ‚Äç‚ôÇÔ∏è,9500.00,https://cdn.shopify.com/s/files/1/0902/1151/6733/files/Untitleddesign-2024-12-04T205124.968.png?v=1733412688,https://royaltrend.pk/products/skechers-max-cushion-slip-on-urban-gray-edition-üèÉ-Ô∏è
Skechers MAX CUSHION Slip-On Black/White | Royal Trend,9500.00,https://cdn.shopify.com/s/files/1/0902/1151/6733/files/Skechers_Slip-On_breathable_mesh_panel.png?v=1741640431,https://royaltrend.pk/products/skechers-max-cushion-slip-on-black-white-edition-üåü
Skechers Max Cushioning Slip-In Hyper-Burst | All-Black Sneakers for Men & Women | Lightweight Walking Shoes | Comfortable Slip-On Design | Available in Pakistan,9500.00,https://cdn.shopify.com/s/files/1/0902/1151/6733/files/Right_side_profile_of_Skechers_Max_Cushioning_Slip-In.png?v=1741111652,https://royaltrend.pk/products/skechers-max-cushioning-slip-in-hyperburst-all-black
Skechers Monster Slide,4000.00,https://cdn.shopify.com/s/files/1/0902/1151/6733/files/4e2cc377-eabe-4942-9e04-150c8c4b1001.jpg?v=1729804272,https://royaltrend.pk/products/skechers-monster-slide
Skechers Monster Slide Sandals - Green,4000.00,https://cdn.shopify.com/s/files/1/0902/1151/6733/files/93dceba8-ad0d-4171-8e84-c3c7c2ac4850.jpg?v=1729804279,https://royaltrend.pk/products/skechers-monster-slide-sandals-green
SKECHERS SLIP-INS: MAX CUSHIONING HYPER BURST KHAKI,8499.00,https://cdn.shopify.com/s/files/1/0902/1151/6733/files/Untitleddesign_65.png?v=1733162055,https://royaltrend.pk/products/skechers-slip-ins-max-cushioning-hyper-burst-khaki
Skechers Slip-Ins: Max Cushioning Hyper Burst Navy Blue,8499.00,https://cdn.shopify.com/s/files/1/0902/1151/6733/files/Untitleddesign_71.png?v=1733162045,https://royaltrend.pk/products/skechers-slip-ins-max-cushioning-hyper-burst-navy-blue
Skechers Slip-Ons: Max Cushioning Hyper Burst Grey,8499.00,https://cdn.shopify.com/s/files/1/0902/1151/6733/files/Untitleddesign_77.png?v=1733162033,https://royaltrend.pk/products/skechers-slip-ons-max-cushioning-hyper-burst-grey
Skechers Ultra Go All-Black Slip-On,8500.00,https://cdn.shopify.com/s/files/1/0902/1151/6733/files/Untitleddesign-2024-12-14T052020.314.png?v=1734375972,https://royaltrend.pk/products/skechers-ultra-go-all-black-slip-on
Skechers Ultra Go Slip-On Black White,8500.00,https://cdn.shopify.com/s/files/1/0902/1151/6733/files/Untitleddesign-2024-12-14T052926.854_3581ad9b-1468-48ea-9d6b-79bf1ecaa4bf.png?v=1734375383,https://royaltrend.pk/products/skechers-ultra-go-slip-on-black-white-1
Skechers Ultra Go Slip-On Navy White,8500.00,https://cdn.shopify.com/s/files/1/0902/1151/6733/files/Untitleddesign-2024-12-14T052633.254.png?v=1734375243,https://royaltrend.pk/products/skechers-ultra-go-slip-on-black-white
Skechers Vapor Foam - Men's Slip-On Walking Shoes - Black,8499.00,https://cdn.shopify.com/s/files/1/0902/1151/6733/files/14_31cb01de-0281-4bc5-abcc-750af7990493.jpg?v=1734056220,https://royaltrend.pk/products/skechers-vapor-foam-mens-slip-on-walking-shoes-black
Skechers Vapor Foam - Men's Slip-On Walking Shoes - Charcoal Grey,8499.00,https://cdn.shopify.com/s/files/1/0902/1151/6733/files/12_6630ee74-c9b3-4a9b-b696-4f59e99a6cad.jpg?v=1734055326,https://royaltrend.pk/products/skechers-vapor-foam-mens-slip-on-walking-shoes-charcoal-grey
Skechers Vapor Foam - Women's Slip-On Walking Shoes - Soft Beige | Comfortable & Stylish Footwear | Shop Online at Royal Trend Pakistan,8499.00,https://cdn.shopify.com/s/files/1/0902/1151/6733/files/Right_side_profile_of_Skechers_Vapor.jpg?v=1740779736,https://royaltrend.pk/products/skechers-vapor-foam-womens-slip-on-walking-shoes-soft-beige
Sketch Max Cushion Orthopedic Slides‚ÄØ‚Äì‚ÄØBlack | Royal‚ÄØTrend,5000.00,https://cdn.shopify.com/s/files/1/0902/1151/6733/files/Sketch_Max_Cushion_Slide_Black_Side_profile.jpg?v=1739220435,https://royaltrend.pk/products/skech-max-cusion-slide-bllack
Sketch Max Cushion Orthopedic Slides‚ÄØ‚Äì‚ÄØKhaki | Royal‚ÄØTrend,5000.00,https://cdn.shopify.com/s/files/1/0902/1151/6733/files/Sketch_Max_Cushion_Slide_Khaaki_Side_profile.jpg?v=1739220902,https://royaltrend.pk/products/skech-max-cusion-khaaki
Sketch Max Cushion Slide ‚Äì Grey | Unisex Orthopedic Arch Support Slippers,5000.00,https://cdn.shopify.com/s/files/1/0902/1151/6733/files/Sketch_Max_Cushion_Slide_Grey.jpg?v=1739220026,https://royaltrend.pk/products/skech-max-cusion-slide-grey
Supreme x NAF 1 Low - White / Red | Limited Edition Sneakers for Men & Women | Stylish Streetwear Shoes | Available in Pakistan,14500.00,https://cdn.shopify.com/s/files/1/0902/1151/6733/files/Right_side_profile_of_Supreme_x_NAF_1.png?v=1741123195,https://royaltrend.pk/products/supreme-x-nike-air-force-1-low-white-red
"TH Sneaker Lace Up Navy Duo ‚Äì Breathable Casual Sneakers w/ Orthopedic Cushioning | Men‚Äôs & Women‚Äôs Lightweight Shoes for Work, Walks & Daily Use | Royal Trend Pakistan",9500.00,https://cdn.shopify.com/s/files/1/0902/1151/6733/files/TH_Sneaker_Lace_Up_Navy_Duo_right_profile.png?v=1739307904,https://royaltrend.pk/products/th-sneaker-lace-up-navy-duo
"TH Sneaker Lace Up White ‚Äì Breathable Cotton Sneakers w/ Orthopedic Cushioning | Unisex Casual Shoes for Walking, Work & Daily Wear | Royal Trend Pakistan",12000.00,https://cdn.shopify.com/s/files/1/0902/1151/6733/files/TH_Sneaker_Lace_Up_White_right_profile.png?v=1739307530,https://royaltrend.pk/products/th-sneaker-lace-up-white
Up-tempo Blue White,14000.00,https://cdn.shopify.com/s/files/1/0902/1151/6733/files/Untitleddesign_56.png?v=1733156356,https://royaltrend.pk/products/up-tempo-blue-white
Winflow 11 Brown,12000.00,https://cdn.shopify.com/s/files/1/0902/1151/6733/files/12_f58c638e-7603-4619-b187-b85ae1581d42.jpg?v=1732964088,https://royaltrend.pk/products/winflow-11-brown
Yeeezzyy 350 v2 x Diiorr Reflectiive (Pirate Black) Real Boost Premuiim Batch,14000.00,https://cdn.shopify.com/s/files/1/0902/1151/6733/files/Untitled_design_-_2024-12-10T073820.132.png?v=1733799643,https://royaltrend.pk/products/yeeezzyy-350-v2-x-diiorr-reflectiive-pirate-black-real-boost-premuiim-batch
ZOOMX ULTRAFLY NEXT (WHITE/BLUE),9500.00,https://cdn.shopify.com/s/files/1/0902/1151/6733/files/Untitleddesign-2024-12-03T215007.436.png?v=1733319394,https://royaltrend.pk/products/zoomx-ultrafly-next-white-blue
ZOOMX ULTRAFLY NEXT (WHITE/RED),9500.00,https://cdn.shopify.com/s/files/1/0902/1151/6733/files/Untitleddesign-2024-12-03T213612.152.png?v=1733318856,https://royaltrend.pk/products/zoomx-ultrafly-next-white-red
ZOOMX ULTRAFLY NEXT% (TRIPLE BLACK),9500.00,https://cdn.shopify.com/s/files/1/0902/1151/6733/files/Untitleddesign-2024-12-03T215547.319.png?v=1733313480,https://royaltrend.pk/products/zoomx-ultrafly-next-triple-black
ZOOMX ULTRAFLY NEXT% (WHITE/ORANGE),9500.00,https://cdn.shopify.com/s/files/1/0902/1151/6733/files/Untitleddesign-2024-12-03T220133.115.png?v=1733318423,https://royaltrend.pk/products/zoomx-ultrafly-next-white-orange
